Test,result,spec lower,spec upper,range,to lower,to upper,% from lim,% from lim up,closest_to_spec
gap creation,1.086,1.05,2.5,1.45,0.036,1.414,2.5,97.5,0.025
gap creation,1.113,1.05,2.5,1.45,0.063,1.387,4.3,95.7,0.043
gap creation,1.084,1.05,2.5,1.45,0.034,1.416,2.3,97.7,0.023
gap creation,2.296,1.05,2.5,1.45,1.246,0.204,85.9,14.1,0.141
gap creation,2.053,1.05,2.5,1.45,1.003,0.447,69.2,30.8,0.308
gap creation,1.037,1.05,2.5,1.45,-0.013,1.463,-0.9,100.9,-0.009
gap creation,1.039,1.05,2.5,1.45,-0.011,1.461,-0.8,100.8,-0.008
gap creation,2.082,1.05,2.5,1.45,1.032,0.418,71.2,28.8,0.288
gap creation,1.071,1.05,2.5,1.45,0.021,1.429,1.4,98.6,0.014
gap creation,1.279,1.05,2.5,1.45,0.229,1.221,15.8,84.2,0.158
gap creation,1.288,1.05,2.5,1.45,0.238,1.212,16.4,83.6,0.164
gap creation,1.203,1.05,2.5,1.45,0.153,1.297,10.6,89.4,0.106
gap creation,1.025,1.05,2.5,1.45,-0.025,1.475,-1.7,101.7,-0.017
gap creation,1.3,1.05,2.5,1.45,0.25,1.2,17.2,82.8,0.172
gap creation,1.159,1.05,2.5,1.45,0.109,1.341,7.5,92.5,0.075
gap creation,1.137,1.05,2.5,1.45,0.087,1.363,6,94,0.06
gap creation,2.085,1.05,2.5,1.45,1.035,0.415,71.4,28.6,0.286
gap creation,2.303,1.05,2.5,1.45,1.253,0.197,86.4,13.6,0.136
gap creation,2.127,1.05,2.5,1.45,1.077,0.373,74.3,25.7,0.257
gap creation,1.371,1.05,2.5,1.45,0.321,1.129,22.1,77.9,0.221
gap creation,1.115,1.05,2.5,1.45,0.065,1.385,4.5,95.5,0.045
gap creation,1.418,1.05,2.5,1.45,0.368,1.082,25.4,74.6,0.254
gap creation,1.125,1.05,2.5,1.45,0.075,1.375,5.2,94.8,0.052
gap creation,2.079,1.05,2.5,1.45,1.029,0.421,71,29,0.29
gap creation,2.009,1.05,2.5,1.45,0.959,0.491,66.1,33.9,0.339
gap creation,1.209,1.05,2.5,1.45,0.159,1.291,11,89,0.11
gap creation,2.02,1.05,2.5,1.45,0.97,0.48,66.9,33.1,0.331
gap creation,1.167,1.05,2.5,1.45,0.117,1.333,8.1,91.9,0.081
gap creation,1.158,1.05,2.5,1.45,0.108,1.342,7.4,92.6,0.074
gap creation,1.087,1.05,2.5,1.45,0.037,1.413,2.6,97.4,0.026
gap creation,2.182,1.05,2.5,1.45,1.132,0.318,78.1,21.9,0.219
gap creation,2.343,1.05,2.5,1.45,1.293,0.157,89.2,10.8,0.108
gap creation,1.156,1.05,2.5,1.45,0.106,1.344,7.3,92.7,0.073
gap creation,1.036,1.05,2.5,1.45,-0.014,1.464,-1,101,-0.01
gap creation,1.185,1.05,2.5,1.45,0.135,1.315,9.3,90.7,0.093
gap creation,2.537,1.05,2.5,1.45,1.487,-0.037,102.6,-2.6,-0.026
gap creation,2.469,1.05,2.5,1.45,1.419,0.031,97.9,2.1,0.021
gap creation,2.944,1.05,2.5,1.45,1.894,-0.444,130.6,-30.6,-0.306
gap creation,2.209,1.05,2.5,1.45,1.159,0.291,79.9,20.1,0.201
gap creation,2.218,1.05,2.5,1.45,1.168,0.282,80.6,19.4,0.194
gap creation,2.317,1.05,2.5,1.45,1.267,0.183,87.4,12.6,0.126
gap creation,2.213,1.05,2.5,1.45,1.163,0.287,80.2,19.8,0.198
gap creation,1.948,1.05,2.5,1.45,0.898,0.552,61.9,38.1,0.381
gap creation,1.568,1.05,2.5,1.45,0.518,0.932,35.7,64.3,0.357
gap creation,2.309,1.05,2.5,1.45,1.259,0.191,86.8,13.2,0.132
gap creation,1.853,1.05,2.5,1.45,0.803,0.647,55.4,44.6,0.446
gap creation,1.46,1.05,2.5,1.45,0.41,1.04,28.3,71.7,0.283
gap creation,2.358,1.05,2.5,1.45,1.308,0.142,90.2,9.8,0.098
gap creation,1.986,1.05,2.5,1.45,0.936,0.514,64.6,35.4,0.354
gap creation,1.697,1.05,2.5,1.45,0.647,0.803,44.6,55.4,0.446
gap creation,2.439,1.05,2.5,1.45,1.389,0.061,95.8,4.2,0.042
gap creation,1.395,1.05,2.5,1.45,0.345,1.105,23.8,76.2,0.238
gap creation,2.101,1.05,2.5,1.45,1.051,0.399,72.5,27.5,0.275
gap creation,1.947,1.05,2.5,1.45,0.897,0.553,61.9,38.1,0.381
gap creation,1.717,1.05,2.5,1.45,0.667,0.783,46,54,0.46
gap creation,1.804,1.05,2.5,1.45,0.754,0.696,52,48,0.48
gap creation,2.21,1.05,2.5,1.45,1.16,0.29,80,20,0.2
gap creation,2.095,1.05,2.5,1.45,1.045,0.405,72.1,27.9,0.279
gap creation,1.942,1.05,2.5,1.45,0.892,0.558,61.5,38.5,0.385
gap creation,1.525,1.05,2.5,1.45,0.475,0.975,32.8,67.2,0.328
gap creation,2.174,1.05,2.5,1.45,1.124,0.326,77.5,22.5,0.225
gap creation,2.198,1.05,2.5,1.45,1.148,0.302,79.2,20.8,0.208
gap creation,1.907,1.05,2.5,1.45,0.857,0.593,59.1,40.9,0.409
gap creation,2.207,1.05,2.5,1.45,1.157,0.293,79.8,20.2,0.202
gap creation,2.355,1.05,2.5,1.45,1.305,0.145,90,10,0.1
gap creation,2.268,1.05,2.5,1.45,1.218,0.232,84,16,0.16
gap creation,1.831,1.05,2.5,1.45,0.781,0.669,53.9,46.1,0.461
gap creation,2.047,1.05,2.5,1.45,0.997,0.453,68.8,31.2,0.312
gap creation,1.623,1.05,2.5,1.45,0.573,0.877,39.5,60.5,0.395
gap creation,1.681,1.05,2.5,1.45,0.631,0.819,43.5,56.5,0.435
gap creation,1.942,1.05,2.5,1.45,0.892,0.558,61.5,38.5,0.385
gap creation,2.385,1.05,2.5,1.45,1.335,0.115,92.1,7.9,0.079
gap creation,1.846,1.05,2.5,1.45,0.796,0.654,54.9,45.1,0.451
gap creation,2.075,1.05,2.5,1.45,1.025,0.425,70.7,29.3,0.293
gap creation,1.766,1.05,2.5,1.45,0.716,0.734,49.4,50.6,0.494
gap creation,1.71,1.05,2.5,1.45,0.66,0.79,45.5,54.5,0.455
gap creation,1.427,1.05,2.5,1.45,0.377,1.073,26,74,0.26
gap creation,1.778,1.05,2.5,1.45,0.728,0.722,50.2,49.8,0.498
gap creation,2.145,1.05,2.5,1.45,1.095,0.355,75.5,24.5,0.245
gap creation,1.629,1.05,2.5,1.45,0.579,0.871,39.9,60.1,0.399
gap creation,2.32,1.05,2.5,1.45,1.27,0.18,87.6,12.4,0.124
gap creation,2.239,1.05,2.5,1.45,1.189,0.261,82,18,0.18
gap creation,2.359,1.05,2.5,1.45,1.309,0.141,90.3,9.7,0.097
gap creation,1.82,1.05,2.5,1.45,0.77,0.68,53.1,46.9,0.469
gap creation,1.675,1.05,2.5,1.45,0.625,0.825,43.1,56.9,0.431
gap creation,1.615,1.05,2.5,1.45,0.565,0.885,39,61,0.39
gap creation,1.545,1.05,2.5,1.45,0.495,0.955,34.1,65.9,0.341
gap creation,2.324,1.05,2.5,1.45,1.274,0.176,87.9,12.1,0.121
gap creation,1.305,1.05,2.5,1.45,0.255,1.195,17.6,82.4,0.176
gap creation,1.407,1.05,2.5,1.45,0.357,1.093,24.6,75.4,0.246
gap creation,1.047,1.05,2.5,1.45,-0.003,1.453,-0.2,100.2,-0.002
gap creation,2.297,1.05,2.5,1.45,1.247,0.203,86,14,0.14
gap creation,1.924,1.05,2.5,1.45,0.874,0.576,60.3,39.7,0.397
gap creation,1.239,1.05,2.5,1.45,0.189,1.261,13,87,0.13
gap creation,1.187,1.05,2.5,1.45,0.137,1.313,9.4,90.6,0.094
gap creation,2.769,1.05,2.5,1.45,1.719,-0.269,118.6,-18.6,-0.186
gap creation,2.46,1.05,2.5,1.45,1.41,0.04,97.2,2.8,0.028
gap creation,0.918,1.05,2.5,1.45,-0.132,1.582,-9.1,109.1,-0.091
gap creation,0.76,1.05,2.5,1.45,-0.29,1.74,-20,120,-0.2
gap creation,1.863,1.05,2.5,1.45,0.813,0.637,56.1,43.9,0.439
gap creation,2.576,1.05,2.5,1.45,1.526,-0.076,105.2,-5.2,-0.052
gap creation,2.473,1.05,2.5,1.45,1.423,0.027,98.1,1.9,0.019
gap creation,2.611,1.05,2.5,1.45,1.561,-0.111,107.7,-7.7,-0.077
gap creation,1.842,1.05,2.5,1.45,0.792,0.658,54.6,45.4,0.454
gap creation,2.458,1.05,2.5,1.45,1.408,0.042,97.1,2.9,0.029
gap creation,2.235,1.05,2.5,1.45,1.185,0.265,81.7,18.3,0.183
gap creation,2.261,1.05,2.5,1.45,1.211,0.239,83.5,16.5,0.165
gap creation,2.333,1.05,2.5,1.45,1.283,0.167,88.5,11.5,0.115
gap creation,2.138,1.05,2.5,1.45,1.088,0.362,75,25,0.25
gap creation,1.812,1.05,2.5,1.45,0.762,0.688,52.6,47.4,0.474
gap creation,2.039,1.05,2.5,1.45,0.989,0.461,68.2,31.8,0.318
gap creation,1.176,1.05,2.5,1.45,0.126,1.324,8.7,91.3,0.087
gap creation,1.856,1.05,2.5,1.45,0.806,0.644,55.6,44.4,0.444
gap creation,2.228,1.05,2.5,1.45,1.178,0.272,81.2,18.8,0.188
gap creation,1.915,1.05,2.5,1.45,0.865,0.585,59.7,40.3,0.403
gap creation,1.414,1.05,2.5,1.45,0.364,1.086,25.1,74.9,0.251
gap creation,1.814,1.05,2.5,1.45,0.764,0.686,52.7,47.3,0.473
gap creation,1.586,1.05,2.5,1.45,0.536,0.914,37,63,0.37
gap creation,1.232,1.05,2.5,1.45,0.182,1.268,12.6,87.4,0.126
gap creation,1.983,1.05,2.5,1.45,0.933,0.517,64.3,35.7,0.357
gap creation,1.847,1.05,2.5,1.45,0.797,0.653,55,45,0.45
gap creation,1.523,1.05,2.5,1.45,0.473,0.977,32.6,67.4,0.326
gap creation,2.123,1.05,2.5,1.45,1.073,0.377,74,26,0.26
gap creation,1.974,1.05,2.5,1.45,0.924,0.526,63.7,36.3,0.363
gap creation,2.116,1.05,2.5,1.45,1.066,0.384,73.5,26.5,0.265
gap creation,1.915,1.05,2.5,1.45,0.865,0.585,59.7,40.3,0.403
gap creation,1.488,1.05,2.5,1.45,0.438,1.012,30.2,69.8,0.302
gap creation,1.121,1.05,2.5,1.45,0.071,1.379,4.9,95.1,0.049
gap creation,1.664,1.05,2.5,1.45,0.614,0.836,42.3,57.7,0.423
gap creation,1.588,1.05,2.5,1.45,0.538,0.912,37.1,62.9,0.371
gap creation,1.445,1.05,2.5,1.45,0.395,1.055,27.2,72.8,0.272
gap creation,1.973,1.05,2.5,1.45,0.923,0.527,63.7,36.3,0.363
gap creation,1.962,1.05,2.5,1.45,0.912,0.538,62.9,37.1,0.371
gap creation,1.639,1.05,2.5,1.45,0.589,0.861,40.6,59.4,0.406
gap creation,2.339,1.05,2.5,1.45,1.289,0.161,88.9,11.1,0.111
gap creation,1.141,1.05,2.5,1.45,0.091,1.359,6.3,93.7,0.063
gap creation,2.22,1.05,2.5,1.45,1.17,0.28,80.7,19.3,0.193
gap creation,1.634,1.05,2.5,1.45,0.584,0.866,40.3,59.7,0.403
gap creation,1.094,1.05,2.5,1.45,0.044,1.406,3,97,0.03
gap creation,1.839,1.05,2.5,1.45,0.789,0.661,54.4,45.6,0.456
gap creation,1.607,1.05,2.5,1.45,0.557,0.893,38.4,61.6,0.384
gap creation,2.076,1.05,2.5,1.45,1.026,0.424,70.8,29.2,0.292
gap creation,1.763,1.05,2.5,1.45,0.713,0.737,49.2,50.8,0.492
gap creation,1.86,1.05,2.5,1.45,0.81,0.64,55.9,44.1,0.441
gap creation,2.371,1.05,2.5,1.45,1.321,0.129,91.1,8.9,0.089
gap creation,2.006,1.05,2.5,1.45,0.956,0.494,65.9,34.1,0.341
gap creation,1.84,1.05,2.5,1.45,0.79,0.66,54.5,45.5,0.455
gap creation,1.824,1.05,2.5,1.45,0.774,0.676,53.4,46.6,0.466
gap creation,1.785,1.05,2.5,1.45,0.735,0.715,50.7,49.3,0.493
gap creation,1.35,1.05,2.5,1.45,0.3,1.15,20.7,79.3,0.207
gap creation,1.261,1.05,2.5,1.45,0.211,1.239,14.6,85.4,0.146
gap creation,2.263,1.05,2.5,1.45,1.213,0.237,83.7,16.3,0.163
gap creation,2.173,1.05,2.5,1.45,1.123,0.327,77.4,22.6,0.226
gap creation,1.743,1.05,2.5,1.45,0.693,0.757,47.8,52.2,0.478
gap creation,1.702,1.05,2.5,1.45,0.652,0.798,45,55,0.45
gap creation,1.222,1.05,2.5,1.45,0.172,1.278,11.9,88.1,0.119
gap creation,1.196,1.05,2.5,1.45,0.146,1.304,10.1,89.9,0.101
gap creation,1.17,1.05,2.5,1.45,0.12,1.33,8.3,91.7,0.083
gap creation,2.405,1.05,2.5,1.45,1.355,0.095,93.4,6.6,0.066
gap creation,2.19,1.05,2.5,1.45,1.14,0.31,78.6,21.4,0.214
gap creation,1.185,1.05,2.5,1.45,0.135,1.315,9.3,90.7,0.093
gap creation,1.087,1.05,2.5,1.45,0.037,1.413,2.6,97.4,0.026
gap creation,2.295,1.05,2.5,1.45,1.245,0.205,85.9,14.1,0.141
gap creation,1.196,1.05,2.5,1.45,0.146,1.304,10.1,89.9,0.101
gap creation,1.486,1.05,2.5,1.45,0.436,1.014,30.1,69.9,0.301
gap creation,1.539,1.05,2.5,1.45,0.489,0.961,33.7,66.3,0.337
gap creation,1.454,1.05,2.5,1.45,0.404,1.046,27.9,72.1,0.279
gap creation,1.083,1.05,2.5,1.45,0.033,1.417,2.3,97.7,0.023
gap creation,1.431,1.05,2.5,1.45,0.381,1.069,26.3,73.7,0.263
gap creation,1.217,1.05,2.5,1.45,0.167,1.283,11.5,88.5,0.115
gap creation,1.384,1.05,2.5,1.45,0.334,1.116,23,77,0.23
gap creation,2.292,1.05,2.5,1.45,1.242,0.208,85.7,14.3,0.143
gap creation,2.475,1.05,2.5,1.45,1.425,0.025,98.3,1.7,0.017
gap creation,2.31,1.05,2.5,1.45,1.26,0.19,86.9,13.1,0.131
gap creation,1.585,1.05,2.5,1.45,0.535,0.915,36.9,63.1,0.369
gap creation,1.177,1.05,2.5,1.45,0.127,1.323,8.8,91.2,0.088
gap creation,1.562,1.05,2.5,1.45,0.512,0.938,35.3,64.7,0.353
gap creation,1.176,1.05,2.5,1.45,0.126,1.324,8.7,91.3,0.087
gap creation,2.375,1.05,2.5,1.45,1.325,0.125,91.4,8.6,0.086
gap creation,2.325,1.05,2.5,1.45,1.275,0.175,87.9,12.1,0.121
gap creation,1.266,1.05,2.5,1.45,0.216,1.234,14.9,85.1,0.149
gap creation,2.175,1.05,2.5,1.45,1.125,0.325,77.6,22.4,0.224
gap creation,1.219,1.05,2.5,1.45,0.169,1.281,11.7,88.3,0.117
gap creation,1.377,1.05,2.5,1.45,0.327,1.123,22.6,77.4,0.226
gap creation,1.204,1.05,2.5,1.45,0.154,1.296,10.6,89.4,0.106
gap creation,2.231,1.05,2.5,1.45,1.181,0.269,81.4,18.6,0.186
gap creation,2.535,1.05,2.5,1.45,1.485,-0.035,102.4,-2.4,-0.024
gap creation,1.069,1.05,2.5,1.45,0.019,1.431,1.3,98.7,0.013
gap creation,1.044,1.05,2.5,1.45,-0.006,1.456,-0.4,100.4,-0.004
gap creation,1.151,1.05,2.5,1.45,0.101,1.349,7,93,0.07
gap creation,2.202,1.05,2.5,1.45,1.152,0.298,79.4,20.6,0.206
gap creation,2.308,1.05,2.5,1.45,1.258,0.192,86.8,13.2,0.132
gap creation,1.506,1.05,2.5,1.45,0.456,0.994,31.4,68.6,0.314
gap creation,1.38,1.05,2.5,1.45,0.33,1.12,22.8,77.2,0.228
gap creation,1.159,1.05,2.5,1.45,0.109,1.341,7.5,92.5,0.075
gap creation,2.321,1.05,2.5,1.45,1.271,0.179,87.7,12.3,0.123
gap creation,1.109,1.05,2.5,1.45,0.059,1.391,4.1,95.9,0.041
gap creation,1.764,1.05,2.5,1.45,0.714,0.736,49.2,50.8,0.492
gap creation,1.93,1.05,2.5,1.45,0.88,0.57,60.7,39.3,0.393
gap creation,1.703,1.05,2.5,1.45,0.653,0.797,45,55,0.45
gap creation,1.694,1.05,2.5,1.45,0.644,0.806,44.4,55.6,0.444
gap creation,1.796,1.05,2.5,1.45,0.746,0.704,51.4,48.6,0.486
gap creation,1.904,1.05,2.5,1.45,0.854,0.596,58.9,41.1,0.411
gap creation,1.912,1.05,2.5,1.45,0.862,0.588,59.4,40.6,0.406
gap creation,1.863,1.05,2.5,1.45,0.813,0.637,56.1,43.9,0.439
gap creation,1.709,1.05,2.5,1.45,0.659,0.791,45.4,54.6,0.454
gap creation,1.878,1.05,2.5,1.45,0.828,0.622,57.1,42.9,0.429
gap creation,1.776,1.05,2.5,1.45,0.726,0.724,50.1,49.9,0.499
gap creation,1.772,1.05,2.5,1.45,0.722,0.728,49.8,50.2,0.498
gap creation,2.033,1.05,2.5,1.45,0.983,0.467,67.8,32.2,0.322
gap creation,1.857,1.05,2.5,1.45,0.807,0.643,55.7,44.3,0.443
gap creation,2.018,1.05,2.5,1.45,0.968,0.482,66.8,33.2,0.332
gap creation,1.995,1.05,2.5,1.45,0.945,0.505,65.2,34.8,0.348
gap creation,1.7,1.05,2.5,1.45,0.65,0.8,44.8,55.2,0.448
gap creation,2.144,1.05,2.5,1.45,1.094,0.356,75.4,24.6,0.246
gap creation,1.792,1.05,2.5,1.45,0.742,0.708,51.2,48.8,0.488
gap creation,1.828,1.05,2.5,1.45,0.778,0.672,53.7,46.3,0.463
gap creation,1.797,1.05,2.5,1.45,0.747,0.703,51.5,48.5,0.485
gap creation,1.867,1.05,2.5,1.45,0.817,0.633,56.3,43.7,0.437
gap creation,1.922,1.05,2.5,1.45,0.872,0.578,60.1,39.9,0.399
gap creation,2.008,1.05,2.5,1.45,0.958,0.492,66.1,33.9,0.339
gap creation,1.792,1.05,2.5,1.45,0.742,0.708,51.2,48.8,0.488
gap creation,1.761,1.05,2.5,1.45,0.711,0.739,49,51,0.49
gap creation,2.011,1.05,2.5,1.45,0.961,0.489,66.3,33.7,0.337
gap creation,1.759,1.05,2.5,1.45,0.709,0.741,48.9,51.1,0.489
gap creation,1.888,1.05,2.5,1.45,0.838,0.612,57.8,42.2,0.422
gap creation,1.818,1.05,2.5,1.45,0.768,0.682,53,47,0.47
gap creation,1.909,1.05,2.5,1.45,0.859,0.591,59.2,40.8,0.408
gap creation,1.906,1.05,2.5,1.45,0.856,0.594,59,41,0.41
gap creation,1.866,1.05,2.5,1.45,0.816,0.634,56.3,43.7,0.437
gap creation,1.99,1.05,2.5,1.45,0.94,0.51,64.8,35.2,0.352
gap creation,1.843,1.05,2.5,1.45,0.793,0.657,54.7,45.3,0.453
gap creation,2.021,1.05,2.5,1.45,0.971,0.479,67,33,0.33
gap creation,1.708,1.05,2.5,1.45,0.658,0.792,45.4,54.6,0.454
gap creation,1.705,1.05,2.5,1.45,0.655,0.795,45.2,54.8,0.452
gap creation,1.983,1.05,2.5,1.45,0.933,0.517,64.3,35.7,0.357
gap creation,1.796,1.05,2.5,1.45,0.746,0.704,51.4,48.6,0.486
gap creation,2.031,1.05,2.5,1.45,0.981,0.469,67.7,32.3,0.323
gap creation,1.902,1.05,2.5,1.45,0.852,0.598,58.8,41.2,0.412
gap creation,1.657,1.05,2.5,1.45,0.607,0.843,41.9,58.1,0.419
gap creation,1.75,1.05,2.5,1.45,0.7,0.75,48.3,51.7,0.483
gap creation,1.58,1.05,2.5,1.45,0.53,0.92,36.6,63.4,0.366
gap creation,1.603,1.05,2.5,1.45,0.553,0.897,38.1,61.9,0.381
gap creation,1.698,1.05,2.5,1.45,0.648,0.802,44.7,55.3,0.447
gap creation,1.795,1.05,2.5,1.45,0.745,0.705,51.4,48.6,0.486
gap creation,1.717,1.05,2.5,1.45,0.667,0.783,46,54,0.46
gap creation,1.605,1.05,2.5,1.45,0.555,0.895,38.3,61.7,0.383
gap creation,1.667,1.05,2.5,1.45,0.617,0.833,42.6,57.4,0.426
gap creation,1.842,1.05,2.5,1.45,0.792,0.658,54.6,45.4,0.454
gap creation,1.558,1.05,2.5,1.45,0.508,0.942,35,65,0.35
gap creation,1.663,1.05,2.5,1.45,0.613,0.837,42.3,57.7,0.423
gap creation,1.798,1.05,2.5,1.45,0.748,0.702,51.6,48.4,0.484
gap creation,1.858,1.05,2.5,1.45,0.808,0.642,55.7,44.3,0.443
gap creation,1.769,1.05,2.5,1.45,0.719,0.731,49.6,50.4,0.496
gap creation,1.874,1.05,2.5,1.45,0.824,0.626,56.8,43.2,0.432
gap creation,1.542,1.05,2.5,1.45,0.492,0.958,33.9,66.1,0.339
gap creation,1.865,1.05,2.5,1.45,0.815,0.635,56.2,43.8,0.438
gap creation,1.69,1.05,2.5,1.45,0.64,0.81,44.1,55.9,0.441
gap creation,1.765,1.05,2.5,1.45,0.715,0.735,49.3,50.7,0.493
gap creation,1.674,1.05,2.5,1.45,0.624,0.826,43,57,0.43
gap creation,1.71,1.05,2.5,1.45,0.66,0.79,45.5,54.5,0.455
gap creation,1.827,1.05,2.5,1.45,0.777,0.673,53.6,46.4,0.464
gap creation,1.895,1.05,2.5,1.45,0.845,0.605,58.3,41.7,0.417
gap creation,1.556,1.05,2.5,1.45,0.506,0.944,34.9,65.1,0.349
gap creation,1.588,1.05,2.5,1.45,0.538,0.912,37.1,62.9,0.371
gap creation,1.815,1.05,2.5,1.45,0.765,0.685,52.8,47.2,0.472
gap creation,1.655,1.05,2.5,1.45,0.605,0.845,41.7,58.3,0.417
gap creation,1.595,1.05,2.5,1.45,0.545,0.905,37.6,62.4,0.376
gap creation,1.622,1.05,2.5,1.45,0.572,0.878,39.4,60.6,0.394
gap creation,1.927,1.05,2.5,1.45,0.877,0.573,60.5,39.5,0.395
gap creation,1.654,1.05,2.5,1.45,0.604,0.846,41.7,58.3,0.417
gap creation,1.795,1.05,2.5,1.45,0.745,0.705,51.4,48.6,0.486
gap creation,1.666,1.05,2.5,1.45,0.616,0.834,42.5,57.5,0.425
gap creation,1.634,1.05,2.5,1.45,0.584,0.866,40.3,59.7,0.403
gap creation,0.548,1.05,2.5,1.45,-0.502,1.952,-34.6,134.6,-0.346
gap creation,3.147,1.05,2.5,1.45,2.097,-0.647,144.6,-44.6,-0.446
gap creation,3.015,1.05,2.5,1.45,1.965,-0.515,135.5,-35.5,-0.355
gap creation,1.202,1.05,2.5,1.45,0.152,1.298,10.5,89.5,0.105
gap creation,2.595,1.05,2.5,1.45,1.545,-0.095,106.6,-6.6,-0.066
gap creation,2.212,1.05,2.5,1.45,1.162,0.288,80.1,19.9,0.199
gap creation,2.751,1.05,2.5,1.45,1.701,-0.251,117.3,-17.3,-0.173
gap creation,1.2,1.05,2.5,1.45,0.15,1.3,10.3,89.7,0.103
gap creation,1.361,1.05,2.5,1.45,0.311,1.139,21.4,78.6,0.214
gap creation,2.194,1.05,2.5,1.45,1.144,0.306,78.9,21.1,0.211
gap creation,2.091,1.05,2.5,1.45,1.041,0.409,71.8,28.2,0.282
gap creation,1.927,1.05,2.5,1.45,0.877,0.573,60.5,39.5,0.395
gap creation,2.105,1.05,2.5,1.45,1.055,0.395,72.8,27.2,0.272
gap creation,1.722,1.05,2.5,1.45,0.672,0.778,46.3,53.7,0.463
gap creation,2.46,1.05,2.5,1.45,1.41,0.04,97.2,2.8,0.028
gap creation,1.877,1.05,2.5,1.45,0.827,0.623,57,43,0.43
gap creation,4.261,1.05,2.5,1.45,3.211,-1.761,221.4,-121.4,-1.214
gap creation,3.041,1.05,2.5,1.45,1.991,-0.541,137.3,-37.3,-0.373
gap creation,1.517,1.05,2.5,1.45,0.467,0.983,32.2,67.8,0.322
gap creation,2.411,1.05,2.5,1.45,1.361,0.089,93.9,6.1,0.061
gap creation,0.215,1.05,2.5,1.45,-0.835,2.285,-57.6,157.6,-0.576
gap creation,1.489,1.05,2.5,1.45,0.439,1.011,30.3,69.7,0.303
gap creation,1.862,1.05,2.5,1.45,0.812,0.638,56,44,0.44
gap creation,2.019,1.05,2.5,1.45,0.969,0.481,66.8,33.2,0.332
gap creation,1.958,1.05,2.5,1.45,0.908,0.542,62.6,37.4,0.374
gap creation,1.887,1.05,2.5,1.45,0.837,0.613,57.7,42.3,0.423
gap creation,2.223,1.05,2.5,1.45,1.173,0.277,80.9,19.1,0.191
gap creation,1.536,1.05,2.5,1.45,0.486,0.964,33.5,66.5,0.335
gap creation,1.71,1.05,2.5,1.45,0.66,0.79,45.5,54.5,0.455
gap creation,2.151,1.05,2.5,1.45,1.101,0.349,75.9,24.1,0.241
gap creation,1.84,1.05,2.5,1.45,0.79,0.66,54.5,45.5,0.455
gap creation,1.523,1.05,2.5,1.45,0.473,0.977,32.6,67.4,0.326
gap creation,1.691,1.05,2.5,1.45,0.641,0.809,44.2,55.8,0.442
gap creation,1.65,1.05,2.5,1.45,0.6,0.85,41.4,58.6,0.414
gap creation,1.552,1.05,2.5,1.45,0.502,0.948,34.6,65.4,0.346
gap creation,1.665,1.05,2.5,1.45,0.615,0.835,42.4,57.6,0.424
gap creation,2.251,1.05,2.5,1.45,1.201,0.249,82.8,17.2,0.172
gap creation,1.968,1.05,2.5,1.45,0.918,0.532,63.3,36.7,0.367
gap creation,1.283,1.05,2.5,1.45,0.233,1.217,16.1,83.9,0.161
gap creation,1.964,1.05,2.5,1.45,0.914,0.536,63,37,0.37
gap creation,1.785,1.05,2.5,1.45,0.735,0.715,50.7,49.3,0.493
gap creation,1.387,1.05,2.5,1.45,0.337,1.113,23.2,76.8,0.232
gap creation,1.43,1.05,2.5,1.45,0.38,1.07,26.2,73.8,0.262
gap creation,2.292,1.05,2.5,1.45,1.242,0.208,85.7,14.3,0.143
gap creation,1.621,1.05,2.5,1.45,0.571,0.879,39.4,60.6,0.394
gap creation,2.31,1.05,2.5,1.45,1.26,0.19,86.9,13.1,0.131
gap creation,1.212,1.05,2.5,1.45,0.162,1.288,11.2,88.8,0.112
gap creation,2.559,1.05,2.5,1.45,1.509,-0.059,104.1,-4.1,-0.041
gap creation,1.927,1.05,2.5,1.45,0.877,0.573,60.5,39.5,0.395
gap creation,1.305,1.05,2.5,1.45,0.255,1.195,17.6,82.4,0.176
gap creation,1.284,1.05,2.5,1.45,0.234,1.216,16.1,83.9,0.161
gap creation,2.026,1.05,2.5,1.45,0.976,0.474,67.3,32.7,0.327
gap creation,1.471,1.05,2.5,1.45,0.421,1.029,29,71,0.29
gap creation,1.237,1.05,2.5,1.45,0.187,1.263,12.9,87.1,0.129
gap creation,1.209,1.05,2.5,1.45,0.159,1.291,11,89,0.11
gap creation,1.619,1.05,2.5,1.45,0.569,0.881,39.2,60.8,0.392
gap creation,1.315,1.05,2.5,1.45,0.265,1.185,18.3,81.7,0.183
gap creation,1.83,1.05,2.5,1.45,0.78,0.67,53.8,46.2,0.462
gap creation,1.85,1.05,2.5,1.45,0.8,0.65,55.2,44.8,0.448
gap creation,1.886,1.05,2.5,1.45,0.836,0.614,57.7,42.3,0.423
gap creation,1.296,1.05,2.5,1.45,0.246,1.204,17,83,0.17
gap creation,2.649,1.05,2.5,1.45,1.599,-0.149,110.3,-10.3,-0.103
gap creation,1.561,1.05,2.5,1.45,0.511,0.939,35.2,64.8,0.352
gap creation,0.879,1.05,2.5,1.45,-0.171,1.621,-11.8,111.8,-0.118
gap creation,2.012,1.05,2.5,1.45,0.962,0.488,66.3,33.7,0.337
gap creation,1.049,1.05,2.5,1.45,-0.001,1.451,-0.1,100.1,-0.001
gap creation,2.587,1.05,2.5,1.45,1.537,-0.087,106,-6,-0.06
gap creation,2.583,1.05,2.5,1.45,1.533,-0.083,105.7,-5.7,-0.057
gap creation,0.784,1.05,2.5,1.45,-0.266,1.716,-18.3,118.3,-0.183
gap creation,1.716,1.05,2.5,1.45,0.666,0.784,45.9,54.1,0.459
gap creation,2.071,1.05,2.5,1.45,1.021,0.429,70.4,29.6,0.296
gap creation,1.035,1.05,2.5,1.45,-0.015,1.465,-1,101,-0.01
gap creation,1.899,1.05,2.5,1.45,0.849,0.601,58.6,41.4,0.414
gap creation,2.088,1.05,2.5,1.45,1.038,0.412,71.6,28.4,0.284
gap creation,1.882,1.05,2.5,1.45,0.832,0.618,57.4,42.6,0.426
gap creation,1.466,1.05,2.5,1.45,0.416,1.034,28.7,71.3,0.287
gap creation,2.588,1.05,2.5,1.45,1.538,-0.088,106.1,-6.1,-0.061
gap creation,1.559,1.05,2.5,1.45,0.509,0.941,35.1,64.9,0.351
gap creation,1.809,1.05,2.5,1.45,0.759,0.691,52.3,47.7,0.477
gap creation,2.557,1.05,2.5,1.45,1.507,-0.057,103.9,-3.9,-0.039
gap creation,1.731,1.05,2.5,1.45,0.681,0.769,47,53,0.47
gap creation,1.173,1.05,2.5,1.45,0.123,1.327,8.5,91.5,0.085
gap creation,1.78,1.05,2.5,1.45,0.73,0.72,50.3,49.7,0.497
gap creation,1.371,1.05,2.5,1.45,0.321,1.129,22.1,77.9,0.221
gap creation,1.823,1.05,2.5,1.45,0.773,0.677,53.3,46.7,0.467
gap creation,1.449,1.05,2.5,1.45,0.399,1.051,27.5,72.5,0.275
gap creation,1.767,1.05,2.5,1.45,0.717,0.733,49.4,50.6,0.494
gap creation,1.506,1.05,2.5,1.45,0.456,0.994,31.4,68.6,0.314
gap creation,1.423,1.05,2.5,1.45,0.373,1.077,25.7,74.3,0.257
gap creation,1.6256,1.05,2.5,1.45,0.5756,0.8744,39.7,60.3,0.397
gap creation,1.302,1.05,2.5,1.45,0.252,1.198,17.4,82.6,0.174
gap creation,2.088,1.05,2.5,1.45,1.038,0.412,71.6,28.4,0.284
gap creation,1.64,1.05,2.5,1.45,0.59,0.86,40.7,59.3,0.407
gap creation,1.365,1.05,2.5,1.45,0.315,1.135,21.7,78.3,0.217
gap creation,1.535,1.05,2.5,1.45,0.485,0.965,33.4,66.6,0.334
gap creation,1.247,1.05,2.5,1.45,0.197,1.253,13.6,86.4,0.136
gap creation,1.851,1.05,2.5,1.45,0.801,0.649,55.2,44.8,0.448
gap creation,1.283,1.05,2.5,1.45,0.233,1.217,16.1,83.9,0.161
gap creation,1.784,1.05,2.5,1.45,0.734,0.716,50.6,49.4,0.494
gap creation,1.485,1.05,2.5,1.45,0.435,1.015,30,70,0.3
gap creation,2.15,1.05,2.5,1.45,1.1,0.35,75.9,24.1,0.241
gap creation,1.842,1.05,2.5,1.45,0.792,0.658,54.6,45.4,0.454
gap creation,1.824,1.05,2.5,1.45,0.774,0.676,53.4,46.6,0.466
gap creation,1.499,1.05,2.5,1.45,0.449,1.001,31,69,0.31
gap creation,1.155,1.05,2.5,1.45,0.105,1.345,7.2,92.8,0.072
gap creation,2.018,1.05,2.5,1.45,0.968,0.482,66.8,33.2,0.332
gap creation,1.901,1.05,2.5,1.45,0.851,0.599,58.7,41.3,0.413
gap creation,1.828,1.05,2.5,1.45,0.778,0.672,53.7,46.3,0.463
gap creation,1.352,1.05,2.5,1.45,0.302,1.148,20.8,79.2,0.208
gap creation,2.199,1.05,2.5,1.45,1.149,0.301,79.2,20.8,0.208
gap creation,1.932,1.05,2.5,1.45,0.882,0.568,60.8,39.2,0.392
gap creation,1.787,1.05,2.5,1.45,0.737,0.713,50.8,49.2,0.492
gap creation,1.189,1.05,2.5,1.45,0.139,1.311,9.6,90.4,0.096
gap creation,1.607,1.05,2.5,1.45,0.557,0.893,38.4,61.6,0.384
gap creation,1.849,1.05,2.5,1.45,0.799,0.651,55.1,44.9,0.449
gap creation,1.508,1.05,2.5,1.45,0.458,0.992,31.6,68.4,0.316
gap creation,2.046,1.05,2.5,1.45,0.996,0.454,68.7,31.3,0.313
gap creation,1.773,1.05,2.5,1.45,0.723,0.727,49.9,50.1,0.499
gap creation,1.844,1.05,2.5,1.45,0.794,0.656,54.8,45.2,0.452
gap creation,1.979,1.05,2.5,1.45,0.929,0.521,64.1,35.9,0.359
depth of injection,6.4462,2.34,,,,,,,1.755
depth of injection,6.5475,2.34,,,,,,,1.798
depth of injection,6.6256,2.34,,,,,,,1.831
depth of injection,6.6414,2.34,,,,,,,1.838
depth of injection,6.4525,2.34,,,,,,,1.757
depth of injection,6.549,2.34,,,,,,,1.799
depth of injection,6.5959,2.34,,,,,,,1.819
depth of injection,6.4556,2.34,,,,,,,1.759
depth of injection,6.5223,2.34,,,,,,,1.787
depth of injection,6.4858,2.34,,,,,,,1.772
depth of injection,6.5674,2.34,,,,,,,1.807
depth of injection,6.482,2.34,,,,,,,1.77
depth of injection,6.402,2.34,,,,,,,1.736
depth of injection,6.5828,2.34,,,,,,,1.813
depth of injection,6.4481,2.34,,,,,,,1.756
depth of injection,6.5508,2.34,,,,,,,1.799
depth of injection,6.4677,2.34,,,,,,,1.764
depth of injection,6.5174,2.34,,,,,,,1.785
depth of injection,6.4978,2.34,,,,,,,1.777
depth of injection,6.5309,2.34,,,,,,,1.791
depth of injection,6.5347,2.34,,,,,,,1.793
depth of injection,6.6865,2.34,,,,,,,1.857
depth of injection,6.319,2.34,,,,,,,1.7
depth of injection,6.5004,2.34,,,,,,,1.778
depth of injection,6.5984,2.34,,,,,,,1.82
depth of injection,6.534,2.34,,,,,,,1.792
depth of injection,6.444,2.34,,,,,,,1.754
depth of injection,6.5635,2.34,,,,,,,1.805
depth of injection,6.7165,2.34,,,,,,,1.87
depth of injection,6.6947,2.34,,,,,,,1.861
depth of injection,6.6001,2.34,,,,,,,1.821
depth of injection,6.4939,2.34,,,,,,,1.775
depth of injection,6.6843,2.34,,,,,,,1.857
depth of injection,6.6482,2.34,,,,,,,1.841
depth of injection,6.4359,2.34,,,,,,,1.75
depth of injection,6.4778,2.34,,,,,,,1.768
depth of injection,6.6092,2.34,,,,,,,1.824
depth of injection,6.5665,2.34,,,,,,,1.806
depth of injection,6.6037,2.34,,,,,,,1.822
depth of injection,6.6214,2.34,,,,,,,1.83
depth of injection,6.5172,2.34,,,,,,,1.785
depth of injection,6.5322,2.34,,,,,,,1.792
depth of injection,6.6021,2.34,,,,,,,1.821
depth of injection,6.657,2.34,,,,,,,1.845
depth of injection,6.4725,2.34,,,,,,,1.766
depth of injection,6.5784,2.34,,,,,,,1.811
depth of injection,6.5248,2.34,,,,,,,1.788
depth of injection,6.5227,2.34,,,,,,,1.787
depth of injection,6.5461,2.34,,,,,,,1.797
depth of injection,6.6379,2.34,,,,,,,1.837
depth of injection,6.6587,2.34,,,,,,,1.846
depth of injection,6.609,2.34,,,,,,,1.824
depth of injection,6.6367,2.34,,,,,,,1.836
depth of injection,6.5819,2.34,,,,,,,1.813
depth of injection,6.4763,2.34,,,,,,,1.768
depth of injection,6.6377,2.34,,,,,,,1.837
depth of injection,6.4585,2.34,,,,,,,1.76
depth of injection,6.522,2.34,,,,,,,1.787
depth of injection,6.615,2.34,,,,,,,1.827
depth of injection,6.5997,2.34,,,,,,,1.82
depth of injection,6.564,2.34,,,,,,,1.805
depth of injection,6.4252,2.34,,,,,,,1.746
depth of injection,6.5085,2.34,,,,,,,1.781
depth of injection,6.5895,2.34,,,,,,,1.816
depth of injection,6.5507,2.34,,,,,,,1.799
depth of injection,6.6179,2.34,,,,,,,1.828
depth of injection,6.4455,2.34,,,,,,,1.754
depth of injection,6.5524,2.34,,,,,,,1.8
depth of injection,6.5986,2.34,,,,,,,1.82
depth of injection,6.6318,2.34,,,,,,,1.834
depth of injection,6.494,2.34,,,,,,,1.775
depth of injection,6.3805,2.34,,,,,,,1.727
depth of injection,6.4186,2.34,,,,,,,1.743
depth of injection,6.355,2.34,,,,,,,1.716
depth of injection,6.135,2.34,,,,,,,1.622
depth of injection,6.3454,2.34,,,,,,,1.712
depth of injection,6.4672,2.34,,,,,,,1.764
depth of injection,6.4312,2.34,,,,,,,1.748
depth of injection,6.4747,2.34,,,,,,,1.767
depth of injection,6.491,2.34,,,,,,,1.774
depth of injection,6.4303,2.34,,,,,,,1.748
depth of injection,6.2821,2.34,,,,,,,1.685
depth of injection,6.3724,2.34,,,,,,,1.723
depth of injection,6.4889,2.34,,,,,,,1.773
depth of injection,6.3897,2.34,,,,,,,1.731
depth of injection,6.3878,2.34,,,,,,,1.73
depth of injection,6.5852,2.34,,,,,,,1.814
depth of injection,6.3481,2.34,,,,,,,1.713
depth of injection,6.4,2.34,,,,,,,1.735
depth of injection,6.4591,2.34,,,,,,,1.76
depth of injection,6.2575,2.34,,,,,,,1.674
depth of injection,6.4862,2.34,,,,,,,1.772
depth of injection,6.3783,2.34,,,,,,,1.726
depth of injection,6.4481,2.34,,,,,,,1.756
depth of injection,6.1309,2.34,,,,,,,1.62
depth of injection,6.4071,2.34,,,,,,,1.738
depth of injection,6.3158,2.34,,,,,,,1.699
depth of injection,6.5044,2.34,,,,,,,1.78
depth of injection,6.368,2.34,,,,,,,1.721
depth of injection,6.3891,2.34,,,,,,,1.73
depth of injection,6.3392,2.34,,,,,,,1.709
depth of injection,6.312,2.34,,,,,,,1.697
depth of injection,6.6085,2.34,,,,,,,1.824
depth of injection,6.4545,2.34,,,,,,,1.758
depth of injection,6.478,2.34,,,,,,,1.768
depth of injection,6.3333,2.34,,,,,,,1.707
depth of injection,6.1977,2.34,,,,,,,1.649
depth of injection,5.8798,2.34,,,,,,,1.513
depth of injection,6.2032,2.34,,,,,,,1.651
depth of injection,6.0915,2.34,,,,,,,1.603
depth of injection,6.3097,2.34,,,,,,,1.696
depth of injection,6.1776,2.34,,,,,,,1.64
depth of injection,6.3124,2.34,,,,,,,1.698
depth of injection,6.2891,2.34,,,,,,,1.688
depth of injection,6.2762,2.34,,,,,,,1.682
depth of injection,6.374,2.34,,,,,,,1.724
depth of injection,5.9778,2.34,,,,,,,1.555
depth of injection,6.2559,2.34,,,,,,,1.673
depth of injection,6.2346,2.34,,,,,,,1.664
depth of injection,6.3272,2.34,,,,,,,1.704
depth of injection,6.2046,2.34,,,,,,,1.652
depth of injection,6.1655,2.34,,,,,,,1.635
depth of injection,6.2823,2.34,,,,,,,1.685
depth of injection,6.0033,2.34,,,,,,,1.566
depth of injection,6.2757,2.34,,,,,,,1.682
depth of injection,6.1704,2.34,,,,,,,1.637
depth of injection,5.9461,2.34,,,,,,,1.541
depth of injection,6.2739,2.34,,,,,,,1.681
depth of injection,5.9923,2.34,,,,,,,1.561
depth of injection,6.6687,2.34,,,,,,,1.85
depth of injection,6.0656,2.34,,,,,,,1.592
depth of injection,5.848,2.34,,,,,,,1.499
depth of injection,6.2772,2.34,,,,,,,1.683
depth of injection,6.0269,2.34,,,,,,,1.576
depth of injection,6.1805,2.34,,,,,,,1.641
depth of injection,6.0594,2.34,,,,,,,1.589
depth of injection,6.2317,2.34,,,,,,,1.663
depth of injection,6.283,2.34,,,,,,,1.685
depth of injection,6.2723,2.34,,,,,,,1.68
depth of injection,6.0782,2.34,,,,,,,1.598
lock out overide,82.4,45,,,,,,,0.831
lock out overide,113.5,45,,,,,,,1.522
lock out overide,93.8,45,,,,,,,1.084
lock out overide,87.5,45,,,,,,,0.944
lock out overide,90.5,45,,,,,,,1.011
lock out overide,119.6,45,,,,,,,1.658
lock out overide,104.9,45,,,,,,,1.331
lock out overide,105.4,45,,,,,,,1.342
lock out overide,102.9,45,,,,,,,1.287
lock out overide,100.9,45,,,,,,,1.242
lock out overide,81.6,45,,,,,,,0.813
lock out overide,97.4,45,,,,,,,1.164
lock out overide,103.3,45,,,,,,,1.296
lock out overide,124.5,45,,,,,,,1.767
lock out overide,125.6,45,,,,,,,1.791
lock out overide,117.6,45,,,,,,,1.613
lock out overide,117.9,45,,,,,,,1.62
lock out overide,101.4,45,,,,,,,1.253
lock out overide,113.8,45,,,,,,,1.529
lock out overide,124.5,45,,,,,,,1.767
lock out overide,110.4,45,,,,,,,1.453
lock out overide,109.8,45,,,,,,,1.44
lock out overide,92.8,45,,,,,,,1.062
lock out overide,91,45,,,,,,,1.022
lock out overide,111.4,45,,,,,,,1.476
lock out overide,92.5,45,,,,,,,1.056
lock out overide,111.3,45,,,,,,,1.473
lock out overide,89,45,,,,,,,0.978
lock out overide,88.2,45,,,,,,,0.96
lock out overide,98.2,45,,,,,,,1.182
lock out overide,92.6,45,,,,,,,1.058
lock out overide,114.3,45,,,,,,,1.54
lock out overide,105.6,45,,,,,,,1.347
lock out overide,101,45,,,,,,,1.244
lock out overide,88,45,,,,,,,0.956
lock out overide,93.80000305,45,,,,,,,1.084
lock out overide,114.375,45,,,,,,,1.542
lock out overide,123.5,45,,,,,,,1.744
lock out overide,115.75,45,,,,,,,1.572
lock out overide,106.875,45,,,,,,,1.375
lock out overide,114.625,45,,,,,,,1.547
lock out overide,110.375,45,,,,,,,1.453
lock out overide,115.875,45,,,,,,,1.575
lock out overide,124.125,45,,,,,,,1.758
lock out overide,118.875,45,,,,,,,1.642
lock out overide,105.625,45,,,,,,,1.347
lock out overide,114.75,45,,,,,,,1.55
lock out overide,117.875,45,,,,,,,1.619
lock out overide,111.5,45,,,,,,,1.478
lock out overide,107.5,45,,,,,,,1.389
lock out overide,121.375,45,,,,,,,1.697
lock out overide,124.375,45,,,,,,,1.764
lock out overide,114.875,45,,,,,,,1.553
lock out overide,106.875,45,,,,,,,1.375
lock out overide,104.75,45,,,,,,,1.328
lock out overide,113.25,45,,,,,,,1.517
lock out overide,112.125,45,,,,,,,1.492
lock out overide,117.625,45,,,,,,,1.614
lock out overide,115,45,,,,,,,1.556
lock out overide,104.625,45,,,,,,,1.325
lock out overide,109.5,45,,,,,,,1.433
lock out overide,112.75,45,,,,,,,1.506
lock out overide,123.5,45,,,,,,,1.744
lock out overide,106.875,45,,,,,,,1.375
lock out overide,115.375,45,,,,,,,1.564
lock out overide,114.75,45,,,,,,,1.55
lock out overide,122.5,45,,,,,,,1.722
lock out overide,112.75,45,,,,,,,1.506
lock out overide,119.125,45,,,,,,,1.647
lock out overide,119.375,45,,,,,,,1.653
lock out overide,112.8,45,,,,,,,1.507
lock out overide,85,45,,,,,,,0.889
lock out overide,106.5,45,,,,,,,1.367
lock out overide,87.9,45,,,,,,,0.953
lock out overide,88.9,45,,,,,,,0.976
lock out overide,88.4,45,,,,,,,0.964
lock out overide,104,45,,,,,,,1.311
lock out overide,98.7,45,,,,,,,1.193
lock out overide,100,45,,,,,,,1.222
lock out overide,90.4,45,,,,,,,1.009
lock out overide,101,45,,,,,,,1.244
lock out overide,93.7,45,,,,,,,1.082
lock out overide,93.1,45,,,,,,,1.069
lock out overide,98.6,45,,,,,,,1.191
lock out overide,86.2,45,,,,,,,0.916
lock out overide,85.4,45,,,,,,,0.898
lock out overide,99.7,45,,,,,,,1.216
lock out overide,77.6,45,,,,,,,0.724
lock out overide,97.6,45,,,,,,,1.169
lock out overide,116.6,45,,,,,,,1.591
lock out overide,90.3,45,,,,,,,1.007
lock out overide,118.8,45,,,,,,,1.64
lock out overide,89.6,45,,,,,,,0.991
lock out overide,90.4,45,,,,,,,1.009
lock out overide,107.8,45,,,,,,,1.396
lock out overide,98.5,45,,,,,,,1.189
lock out overide,97.7,45,,,,,,,1.171
lock out overide,102.9,45,,,,,,,1.287
lock out overide,88.9,45,,,,,,,0.976
lock out overide,108,45,,,,,,,1.4
lock out overide,107.8,45,,,,,,,1.396
lock out overide,120.1,45,,,,,,,1.669
lock out overide,92.7,45,,,,,,,1.06
lock out overide,84.9,45,,,,,,,0.887
lock out overide,108.1,45,,,,,,,1.402
lock out overide,107.1,45,,,,,,,1.38
lock out overide,108.5,45,,,,,,,1.411
lock out overide,108.5,45,,,,,,,1.411
lock out overide,103.1,45,,,,,,,1.291
lock out overide,132.9,45,,,,,,,1.953
lock out overide,104.4,45,,,,,,,1.32
lock out overide,103.9,45,,,,,,,1.309
lock out overide,110.4,45,,,,,,,1.453
lock out overide,106.6,45,,,,,,,1.369
lock out overide,105.4,45,,,,,,,1.342
lock out overide,107.3,45,,,,,,,1.384
lock out overide,109,45,,,,,,,1.422
lock out overide,103,45,,,,,,,1.289
lock out overide,104.8,45,,,,,,,1.329
lock out overide,105.3,45,,,,,,,1.34
lock out overide,128.7,45,,,,,,,1.86
lock out overide,110.6,45,,,,,,,1.458
lock out overide,114.9,45,,,,,,,1.553
lock out overide,90.6,45,,,,,,,1.013
lock out overide,104.6,45,,,,,,,1.324
lock out overide,103,45,,,,,,,1.289
lock out overide,102.9,45,,,,,,,1.287
lock out overide,101.1,45,,,,,,,1.247
lock out overide,114.1,45,,,,,,,1.536
lock out overide,112.1,45,,,,,,,1.491
lock out overide,101.3,45,,,,,,,1.251
lock out overide,112,45,,,,,,,1.489
lock out overide,107.9,45,,,,,,,1.398
lock out overide,133.7,45,,,,,,,1.971
lock out overide,110.9,45,,,,,,,1.464
lock out overide,108.1,45,,,,,,,1.402
lock out overide,108.3,45,,,,,,,1.407
lock out overide,109.8,45,,,,,,,1.44
lock out overide,114,45,,,,,,,1.533
lock out overide,116.3,45,,,,,,,1.584
safe shielding of needle,7.9056,1.02,,-1.02,6.8856,-7.9056,675.1,775.1,6.751
safe shielding of needle,7.8975,1.02,,-1.02,6.8775,-7.8975,674.3,774.3,6.743
safe shielding of needle,7.9623,1.02,,-1.02,6.9423,-7.9623,680.6,780.6,6.806
safe shielding of needle,7.7279,1.02,,-1.02,6.7079,-7.7279,657.6,757.6,6.576
safe shielding of needle,7.7362,1.02,,-1.02,6.7162,-7.7362,658.5,758.5,6.585
safe shielding of needle,7.9857,1.02,,-1.02,6.9657,-7.9857,682.9,782.9,6.829
safe shielding of needle,7.8726,1.02,,-1.02,6.8526,-7.8726,671.8,771.8,6.718
safe shielding of needle,7.8985,1.02,,-1.02,6.8785,-7.8985,674.4,774.4,6.744
safe shielding of needle,7.8039,1.02,,-1.02,6.7839,-7.8039,665.1,765.1,6.651
safe shielding of needle,7.8844,1.02,,-1.02,6.8644,-7.8844,673,773,6.73
safe shielding of needle,7.7697,1.02,,-1.02,6.7497,-7.7697,661.7,761.7,6.617
safe shielding of needle,7.7968,1.02,,-1.02,6.7768,-7.7968,664.4,764.4,6.644
safe shielding of needle,8.0256,1.02,,-1.02,7.0056,-8.0256,686.8,786.8,6.868
safe shielding of needle,7.7752,1.02,,-1.02,6.7552,-7.7752,662.3,762.3,6.623
safe shielding of needle,7.8802,1.02,,-1.02,6.8602,-7.8802,672.6,772.6,6.726
safe shielding of needle,7.6636,1.02,,-1.02,6.6436,-7.6636,651.3,751.3,6.513
safe shielding of needle,7.7218,1.02,,-1.02,6.7018,-7.7218,657,757,6.57
safe shielding of needle,7.9011,1.02,,-1.02,6.8811,-7.9011,674.6,774.6,6.746
safe shielding of needle,7.6595,1.02,,-1.02,6.6395,-7.6595,650.9,750.9,6.509
safe shielding of needle,7.9307,1.02,,-1.02,6.9107,-7.9307,677.5,777.5,6.775
safe shielding of needle,7.745,1.02,,-1.02,6.725,-7.745,659.3,759.3,6.593
safe shielding of needle,8.0139,1.02,,-1.02,6.9939,-8.0139,685.7,785.7,6.857
safe shielding of needle,7.7639,1.02,,-1.02,6.7439,-7.7639,661.2,761.2,6.612
safe shielding of needle,7.7254,1.02,,-1.02,6.7054,-7.7254,657.4,757.4,6.574
safe shielding of needle,7.9565,1.02,,-1.02,6.9365,-7.9565,680,780,6.8
safe shielding of needle,7.9102,1.02,,-1.02,6.8902,-7.9102,675.5,775.5,6.755
safe shielding of needle,7.8431,1.02,,-1.02,6.8231,-7.8431,668.9,768.9,6.689
safe shielding of needle,7.7582,1.02,,-1.02,6.7382,-7.7582,660.6,760.6,6.606
safe shielding of needle,7.8091,1.02,,-1.02,6.7891,-7.8091,665.6,765.6,6.656
safe shielding of needle,7.7913,1.02,,-1.02,6.7713,-7.7913,663.9,763.9,6.639
safe shielding of needle,7.953,1.02,,-1.02,6.933,-7.953,679.7,779.7,6.797
safe shielding of needle,7.9565,1.02,,-1.02,6.9365,-7.9565,680,780,6.8
safe shielding of needle,7.8375,1.02,,-1.02,6.8175,-7.8375,668.4,768.4,6.684
safe shielding of needle,7.9832,1.02,,-1.02,6.9632,-7.9832,682.7,782.7,6.827
safe shielding of needle,7.9056,1.02,,-1.02,6.8856,-7.9056,675.1,775.1,6.751
safe shielding of needle,7.8792,1.02,,-1.02,6.8592,-7.8792,672.5,772.5,6.725
safe shielding of needle,7.8019,1.02,,-1.02,6.7819,-7.8019,664.9,764.9,6.649
safe shielding of needle,7.9082,1.02,,-1.02,6.8882,-7.9082,675.3,775.3,6.753
safe shielding of needle,7.8782,1.02,,-1.02,6.8582,-7.8782,672.4,772.4,6.724
safe shielding of needle,7.9407,1.02,,-1.02,6.9207,-7.9407,678.5,778.5,6.785
safe shielding of needle,7.7046,1.02,,-1.02,6.6846,-7.7046,655.4,755.4,6.554
safe shielding of needle,7.7231,1.02,,-1.02,6.7031,-7.7231,657.2,757.2,6.572
safe shielding of needle,7.8442,1.02,,-1.02,6.8242,-7.8442,669,769,6.69
safe shielding of needle,7.884,1.02,,-1.02,6.864,-7.884,672.9,772.9,6.729
safe shielding of needle,7.8087,1.02,,-1.02,6.7887,-7.8087,665.6,765.6,6.656
safe shielding of needle,7.7299,1.02,,-1.02,6.7099,-7.7299,657.8,757.8,6.578
safe shielding of needle,8.0568,1.02,,-1.02,7.0368,-8.0568,689.9,789.9,6.899
safe shielding of needle,7.9062,1.02,,-1.02,6.8862,-7.9062,675.1,775.1,6.751
safe shielding of needle,7.8523,1.02,,-1.02,6.8323,-7.8523,669.8,769.8,6.698
safe shielding of needle,7.8944,1.02,,-1.02,6.8744,-7.8944,674,774,6.74
safe shielding of needle,7.8083,1.02,,-1.02,6.7883,-7.8083,665.5,765.5,6.655
safe shielding of needle,7.7987,1.02,,-1.02,6.7787,-7.7987,664.6,764.6,6.646
safe shielding of needle,7.8097,1.02,,-1.02,6.7897,-7.8097,665.7,765.7,6.657
safe shielding of needle,7.9832,1.02,,-1.02,6.9632,-7.9832,682.7,782.7,6.827
safe shielding of needle,8.0223,1.02,,-1.02,7.0023,-8.0223,686.5,786.5,6.865
safe shielding of needle,7.8829,1.02,,-1.02,6.8629,-7.8829,672.8,772.8,6.728
safe shielding of needle,7.8062,1.02,,-1.02,6.7862,-7.8062,665.3,765.3,6.653
safe shielding of needle,7.8691,1.02,,-1.02,6.8491,-7.8691,671.5,771.5,6.715
safe shielding of needle,7.8186,1.02,,-1.02,6.7986,-7.8186,666.5,766.5,6.665
safe shielding of needle,7.9666,1.02,,-1.02,6.9466,-7.9666,681,781,6.81
safe shielding of needle,7.9298,1.02,,-1.02,6.9098,-7.9298,677.4,777.4,6.774
safe shielding of needle,7.7795,1.02,,-1.02,6.7595,-7.7795,662.7,762.7,6.627
safe shielding of needle,7.6812,1.02,,-1.02,6.6612,-7.6812,653.1,753.1,6.531
safe shielding of needle,7.8893,1.02,,-1.02,6.8693,-7.8893,673.5,773.5,6.735
safe shielding of needle,7.7849,1.02,,-1.02,6.7649,-7.7849,663.2,763.2,6.632
safe shielding of needle,7.9087,1.02,,-1.02,6.8887,-7.9087,675.4,775.4,6.754
safe shielding of needle,7.823,1.02,,-1.02,6.803,-7.823,667,767,6.67
safe shielding of needle,7.8407,1.02,,-1.02,6.8207,-7.8407,668.7,768.7,6.687
safe shielding of needle,7.8028,1.02,,-1.02,6.7828,-7.8028,665,765,6.65
safe shielding of needle,7.893,1.02,,-1.02,6.873,-7.893,673.8,773.8,6.738
RNS removal from RNSR,152.2,30,,-30,122.2,-152.2,407.3,507.3,4.073
RNS removal from RNSR,134,30,,-30,104,-134,346.7,446.7,3.467
RNS removal from RNSR,142.5,30,,-30,112.5,-142.5,375,475,3.75
RNS removal from RNSR,127.4,30,,-30,97.4,-127.4,324.7,424.7,3.247
RNS removal from RNSR,131.9,30,,-30,101.9,-131.9,339.7,439.7,3.397
RNS removal from RNSR,131,30,,-30,101,-131,336.7,436.7,3.367
RNS removal from RNSR,133.5,30,,-30,103.5,-133.5,345,445,3.45
RNS removal from RNSR,150.2,30,,-30,120.2,-150.2,400.7,500.7,4.007
RNS removal from RNSR,135.8,30,,-30,105.8,-135.8,352.7,452.7,3.527
RNS removal from RNSR,124.4,30,,-30,94.4,-124.4,314.7,414.7,3.147
RNS removal from RNSR,136.2,30,,-30,106.2,-136.2,354,454,3.54
RNS removal from RNSR,114.3,30,,-30,84.3,-114.3,281,381,2.81
RNS removal from RNSR,127.1,30,,-30,97.1,-127.1,323.7,423.7,3.237
RNS removal from RNSR,142.5,30,,-30,112.5,-142.5,375,475,3.75
RNS removal from RNSR,165,30,,-30,135,-165,450,550,4.5
RNS removal from RNSR,138,30,,-30,108,-138,360,460,3.6
RNS removal from RNSR,120.8,30,,-30,90.8,-120.8,302.7,402.7,3.027
RNS removal from RNSR,138.9,30,,-30,108.9,-138.9,363,463,3.63
RNS removal from RNSR,83.5,30,,-30,53.5,-83.5,178.3,278.3,1.783
RNS removal from RNSR,115.8,30,,-30,85.8,-115.8,286,386,2.86
RNS removal from RNSR,110.9,30,,-30,80.9,-110.9,269.7,369.7,2.697
RNS removal from RNSR,113.5,30,,-30,83.5,-113.5,278.3,378.3,2.783
RNS removal from RNSR,125.3,30,,-30,95.3,-125.3,317.7,417.7,3.177
RNS removal from RNSR,121.3,30,,-30,91.3,-121.3,304.3,404.3,3.043
RNS removal from RNSR,129.9,30,,-30,99.9,-129.9,333,433,3.33
RNS removal from RNSR,104.3,30,,-30,74.3,-104.3,247.7,347.7,2.477
RNS removal from RNSR,131.4,30,,-30,101.4,-131.4,338,438,3.38
RNS removal from RNSR,132.5,30,,-30,102.5,-132.5,341.7,441.7,3.417
RNS removal from RNSR,130.8,30,,-30,100.8,-130.8,336,436,3.36
RNS removal from RNSR,133.5,30,,-30,103.5,-133.5,345,445,3.45
RNS removal from RNSR,124.1,30,,-30,94.1,-124.1,313.7,413.7,3.137
RNS removal from RNSR,123,30,,-30,93,-123,310,410,3.1
RNS removal from RNSR,145.1,30,,-30,115.1,-145.1,383.7,483.7,3.837
RNS removal from RNSR,126.5,30,,-30,96.5,-126.5,321.7,421.7,3.217
RNS removal from RNSR,128.9,30,,-30,98.9,-128.9,329.7,429.7,3.297
RNSR removal from Cap,172.8,35,,-35,137.8,-172.8,393.7,493.7,3.937
RNSR removal from Cap,198.4,35,,-35,163.4,-198.4,466.9,566.9,4.669
RNSR removal from Cap,215.5,35,,-35,180.5,-215.5,515.7,615.7,5.157
RNSR removal from Cap,200.3,35,,-35,165.3,-200.3,472.3,572.3,4.723
RNSR removal from Cap,207,35,,-35,172,-207,491.4,591.4,4.914
RNSR removal from Cap,197,35,,-35,162,-197,462.9,562.9,4.629
RNSR removal from Cap,200,35,,-35,165,-200,471.4,571.4,4.714
RNSR removal from Cap,92.1,35,,-35,57.1,-92.1,163.1,263.1,1.631
RNSR removal from Cap,194.2,35,,-35,159.2,-194.2,454.9,554.9,4.549
RNSR removal from Cap,194,35,,-35,159,-194,454.3,554.3,4.543
RNSR removal from Cap,169.6,35,,-35,134.6,-169.6,384.6,484.6,3.846
RNSR removal from Cap,199.4,35,,-35,164.4,-199.4,469.7,569.7,4.697
RNSR removal from Cap,180.2,35,,-35,145.2,-180.2,414.9,514.9,4.149
RNSR removal from Cap,207,35,,-35,172,-207,491.4,591.4,4.914
RNSR removal from Cap,181.8,35,,-35,146.8,-181.8,419.4,519.4,4.194
RNSR removal from Cap,197.4,35,,-35,162.4,-197.4,464,564,4.64
RNSR removal from Cap,177.8,35,,-35,142.8,-177.8,408,508,4.08
RNSR removal from Cap,193.2,35,,-35,158.2,-193.2,452,552,4.52
RNSR removal from Cap,206.3,35,,-35,171.3,-206.3,489.4,589.4,4.894
RNSR removal from Cap,178.4,35,,-35,143.4,-178.4,409.7,509.7,4.097
RNSR removal from Cap,202,35,,-35,167,-202,477.1,577.1,4.771
RNSR removal from Cap,110,35,,-35,75,-110,214.3,314.3,2.143
RNSR removal from Cap,152.2,35,,-35,117.2,-152.2,334.9,434.9,3.349
RNSR removal from Cap,205,35,,-35,170,-205,485.7,585.7,4.857
RNSR removal from Cap,207.3,35,,-35,172.3,-207.3,492.3,592.3,4.923
RNSR removal from Cap,138.8,35,,-35,103.8,-138.8,296.6,396.6,2.966
RNSR removal from Cap,174.6,35,,-35,139.6,-174.6,398.9,498.9,3.989
RNSR removal from Cap,209.8,35,,-35,174.8,-209.8,499.4,599.4,4.994
RNSR removal from Cap,216,35,,-35,181,-216,517.1,617.1,5.171
RNSR removal from Cap,161.6,35,,-35,126.6,-161.6,361.7,461.7,3.617
RNSR removal from Cap,117.4,35,,-35,82.4,-117.4,235.4,335.4,2.354
RNSR removal from Cap,185.2,35,,-35,150.2,-185.2,429.1,529.1,4.291
RNSR removal from Cap,135,35,,-35,100,-135,285.7,385.7,2.857
Delivery Force (ave),14.95935252,15,,-15,-0.040647482,,-0.3,,-0.003
Delivery Force (ave),15.11308453,15,,-15.11308453,0.113084532,,0.8,,0.008
Delivery Force (ave),15.10557554,15,,-15.10557554,0.10557554,,0.7,,0.007
Delivery Force (ave),14.71910971,15,,-14.71910971,-0.280890288,,-1.9,,-0.019
Delivery Force (ave),14.81133094,15,,-14.81133094,-0.188669065,,-1.3,,-0.013
Delivery Force (ave),14.80930755,15,,-14.80930755,-0.190692446,,-1.3,,-0.013
Delivery Force (ave),14.48017086,15,,-14.48017086,-0.519829137,,-3.5,,-0.035
Delivery Force (ave),14.9471223,15,,-14.9471223,-0.052877698,,-0.4,,-0.004
Delivery Force (ave),14.70854317,15,,-14.70854317,-0.291456835,,-1.9,,-0.019
Delivery Force (ave),14.68673561,15,,-14.68673561,-0.313264388,,-2.1,,-0.021
Delivery Force (ave),14.32486511,15,,-14.32486511,-0.675134892,,-4.5,,-0.045
Delivery Force (ave),14.80701439,15,,-14.80701439,-0.192985612,,-1.3,,-0.013
Delivery Force (ave),14.72886691,15,,-14.72886691,-0.271133094,,-1.8,,-0.018
Delivery Force (ave),15.04653777,15,,-15.04653777,0.04653777,,0.3,,0.003
Delivery Force (ave),15.46128597,15,,-15.46128597,0.461285971,,3.1,,0.031
Delivery Force (ave),14.4568795,15,,-14.4568795,-0.543120504,,-3.6,,-0.036
Delivery Force (ave),14.81038669,15,,-14.81038669,-0.189613309,,-1.3,,-0.013
Delivery Force (ave),14.82931655,15,,-14.82931655,-0.170683453,,-1.1,,-0.011
Delivery Force (ave),14.78453237,15,,-14.78453237,-0.215467626,,-1.4,,-0.014
Delivery Force (ave),14.99581835,15,,-14.99581835,-0.004181655,,0,,0
Delivery Force (ave),15.20957734,15,,-15.20957734,0.209577338,,1.4,,0.014
Delivery Force (ave),14.88961331,15,,-14.88961331,-0.110386691,,-0.7,,-0.007
Delivery Force (ave),11.98255396,15,,-11.98255396,-3.017446043,,-20.1,,-0.201
Delivery Force (ave),14.69811151,15,,-14.69811151,-0.301888489,,-2,,-0.02
Delivery Force (ave),14.57702338,15,,-14.57702338,-0.422976619,,-2.8,,-0.028
Delivery Force (ave),14.84860612,15,,-14.84860612,-0.151393885,,-1,,-0.01
Delivery Force (ave),15.19073741,15,,-15.19073741,0.19073741,,1.3,,0.013
Delivery Force (ave),13.16348921,15,,-13.16348921,-1.836510791,,-12.2,,-0.122
Delivery Force (ave),14.5379946,15,,-14.5379946,-0.462005396,,-3.1,,-0.031
Delivery Force (ave),15.22639388,15,,-15.22639388,0.226393885,,1.5,,0.015
Delivery Force (ave),14.93696043,15,,-14.93696043,-0.063039568,,-0.4,,-0.004
Delivery Force (ave),14.91843525,15,,-14.91843525,-0.081564748,,-0.5,,-0.005
Delivery Force (ave),15.20728417,15,,-15.20728417,0.207284173,,1.4,,0.014
Delivery Force (ave),14.60197842,15,,-14.60197842,-0.398021583,,-2.7,,-0.027
Delivery Force (ave),15.2096223,15,,-15.2096223,0.209622302,,1.4,,0.014
Delivery Force (end),9.125,5,,,4.125,,82.5,,0.825
Delivery Force (end),9,5,,,4,,80,,0.8
Delivery Force (end),9.1,5,,,4.1,,82,,0.82
Delivery Force (end),8.9,5,,,3.9,,78,,0.78
Delivery Force (end),8.775,5,,,3.775,,75.5,,0.755
Delivery Force (end),8.975,5,,,3.975,,79.5,,0.795
Delivery Force (end),9.125,5,,,4.125,,82.5,,0.825
Delivery Force (end),9,5,,,4,,80,,0.8
Delivery Force (end),8.825,5,,,3.825,,76.5,,0.765
Delivery Force (end),9,5,,,4,,80,,0.8
Delivery Force (end),9.2,5,,,4.2,,84,,0.84
Delivery Force (end),8.475,5,,,3.475,,69.5,,0.695
Delivery Force (end),9,5,,,4,,80,,0.8
Delivery Force (end),9.075,5,,,4.075,,81.5,,0.815
Delivery Force (end),9.175,5,,,4.175,,83.5,,0.835
Delivery Force (end),8.8,5,,,3.8,,76,,0.76
Delivery Force (end),8.675,5,,,3.675,,73.5,,0.735
Delivery Force (end),8.875,5,,,3.875,,77.5,,0.775
Delivery Force (end),8.825,5,,,3.825,,76.5,,0.765
Delivery Force (end),8.675,5,,,3.675,,73.5,,0.735
Delivery Force (end),9.05,5,,,4.05,,81,,0.81
Delivery Force (end),8.825,5,,,3.825,,76.5,,0.765
Delivery Force (end),0.025,5,,,-4.975,,-99.5,,-0.995
Delivery Force (end),8.5,5,,,3.5,,70,,0.7
Delivery Force (end),8.75,5,,,3.75,,75,,0.75
Delivery Force (end),8.9,5,,,3.9,,78,,0.78
Delivery Force (end),9.15,5,,,4.15,,83,,0.83
Delivery Force (end),0.175,5,,,-4.825,,-96.5,,-0.965
Delivery Force (end),8.575,5,,,3.575,,71.5,,0.715
Delivery Force (end),9.225,5,,,4.225,,84.5,,0.845
Delivery Force (end),9.05,5,,,4.05,,81,,0.81
Delivery Force (end),9.125,5,,,4.125,,82.5,,0.825
Delivery Force (end),9.075,5,,,4.075,,81.5,,0.815
Delivery Force (end),8.875,5,,,3.875,,77.5,,0.775
Delivery Force (end),9,5,,,4,,80,,0.8
